[{"pk": 1, "model": "page.page", "fields": {"menu_title": "\u0410\u0432\u0442\u043e\u0430\u043a\u0441\u0435\u0441\u0441\u0443\u0430\u0440\u044b", "meta_description": "", "title": "\u0410\u0432\u0442\u043e\u0430\u043a\u0441\u0435\u0441\u0441\u0443\u0430\u0440\u044b", "url": "index", "content": "<p>\r\n\t<span style=\"color: rgb(39, 39, 39); font-family: Verdana, Geneva, sans-serif; font-size: 14px; line-height: 21px; background-color: rgb(241, 241, 241); \">\u041f\u0440\u0435\u0434\u043b\u0430\u0433\u0430\u0435\u043c \u0434\u043b\u044f \u0432\u0430\u0448\u0435\u0433\u043e \u0430\u0432\u0442\u043e\u043c\u043e\u0431\u0438\u043b\u044f \u0431\u043e\u043b\u044c\u0448\u043e\u0439 \u0432\u044b\u0431\u043e\u0440 \u0430\u0432\u0442\u043e\u0430\u043a\u0441\u0435\u0441\u0441\u0443\u0430\u0440\u043e\u0432, \u0430\u0432\u0442\u043e\u0445\u0438\u043c\u0438\u0438, \u0430\u0432\u0442\u043e\u043a\u043e\u0441\u043c\u0435\u0442\u0438\u043a\u0438, \u043d\u043e\u0432\u0438\u043d\u043e\u043a \u0440\u043e\u0441\u0441\u0438\u0439\u0441\u043a\u043e\u0433\u043e \u0438 \u0437\u0430\u0440\u0443\u0431\u0435\u0436\u043d\u043e\u0433\u043e \u0442\u044e\u043d\u0438\u043d\u0433 \u0430\u0432\u0442\u043e\u043f\u0440\u043e\u043c\u0430, \u0430\u0432\u0442\u043e\u043c\u043e\u0431\u0438\u043b\u044c\u043d\u044b\u0435 \u0430\u043a\u0441\u0435\u0441\u0441\u0443\u0430\u0440\u044b, \u0430\u0432\u0442\u043e\u043c\u043e\u0431\u0438\u043b\u044c\u043d\u044b\u0435 \u043a\u043e\u043c\u043f\u0440\u0435\u0441\u0441\u043e\u0440\u044b, \u043f\u044b\u043b\u0435\u0441\u043e\u0441\u044b,\u0433\u0430\u0439\u043a\u043e\u0432\u0435\u0440\u0442\u044b, \u0431\u0430\u0433\u0430\u0436\u043d\u0438\u043a\u0438,\u043a\u043e\u0432\u0440\u0438\u043a\u0438,\u043e\u0440\u0433\u0430\u043d\u0430\u0439\u0437\u0435\u0440\u044b,\u0442\u0435\u043d\u0442\u044b \u043d\u0430 \u0430\u0432\u0442\u043e\u043c\u043e\u0431\u0438\u043b\u044c,\u043d\u0430\u043a\u0438\u0434\u043a\u0438 \u043d\u0430 \u0441\u0438\u0434\u0435\u043d\u0438\u044f, \u0432\u0435\u0448\u0430\u043b\u043a\u0438 \u043e\u0434\u0435\u0436\u0434\u044b \u043d\u0430 \u0430\u0432\u0442\u043e\u043a\u0440\u0435\u0441\u043b\u043e,\u043e\u043f\u043b\u0451\u0442\u043a\u0438 \u043d\u0430 \u0440\u0443\u043b\u044c,\u0430\u0432\u0430\u0440\u0438\u0439\u043d\u044b\u0435 \u043a\u043e\u043c\u043f\u043b\u0435\u043a\u0442\u044b,\u043f\u043e\u043b\u0435\u0437\u043d\u044b\u0435 \u043c\u0435\u043b\u043e\u0447\u0438:\u0438\u043e\u043d\u0438\u0437\u0430\u0442\u043e\u0440\u044b \u0432\u043e\u0437\u0434\u0443\u0445\u0430, \u043b\u0438\u043d\u0437\u044b \u043f\u0430\u043d\u043e\u0440\u0430\u043c\u043d\u044b\u0435, \u0438 \u043c\u043d\u043e\u0433\u043e\u0435 \u0434\u0440\u0443\u0433\u043e\u0435,\u0432\u0441\u044f \u043f\u0440\u043e\u0434\u0443\u043a\u0446\u0438\u044f \u0441\u0435\u0440\u0442\u0438\u0444\u0438\u0446\u0438\u0440\u043e\u0432\u0430\u043d\u0430, \u043f\u043e\u0441\u043b\u0435\u0434\u043d\u0438\u0435 \u0434\u043e\u0441\u0442\u0438\u0436\u0435\u043d\u0438\u044f \u043b\u0443\u0447\u0448\u0438\u0445 \u043a\u043e\u043c\u043f\u0430\u043d\u0438\u0439, \u043f\u0440\u0435\u0434\u0441\u0442\u0430\u0432\u043b\u044f\u044e\u0449\u0438\u0445 \u0441\u0432\u043e\u0438 \u0430\u0432\u0442\u043e\u0430\u043a\u0441\u0435\u0441\u0441\u0443\u0430\u0440\u044b \u043d\u0430 \u0430\u0432\u0442\u043e\u043c\u043e\u0431\u0438\u043b\u044c\u043d\u044b\u0445 \u0432\u044b\u0441\u0442\u0430\u0432\u043a\u0430\u0445.</span></p>\r\n", "keywords": ""}}, {"pk": 2, "model": "page.page", "fields": {"menu_title": "\u041a\u043e\u043d\u0442\u0430\u043a\u0442\u044b", "meta_description": "", "title": "\u041a\u043e\u043d\u0442\u0430\u043a\u0442\u044b \u0438 \u043e\u0444\u0438\u0441\u044b", "url": "contacts", "content": "<p>\r\n\t\u041a\u0430\u043a \u0434\u043e \u043d\u0430\u0441 \u0434\u043e\u0431\u0440\u0430\u0442\u044c\u0441\u044f:</p>\r\n", "keywords": ""}}, {"pk": 3, "model": "page.page", "fields": {"menu_title": "\u041f\u0440\u0430\u0439\u0441-\u043b\u0438\u0441\u0442", "meta_description": "", "title": "\u041f\u0440\u0430\u0439\u0441-\u043b\u0438\u0441\u0442", "url": "products", "content": "<p>\r\n\tLorem ipsum dolor sit amet, consectetur adipiscing elit. Nam interdum arcu quis orci tempor tempus. Sed vehicula elit sit amet mauris gravida tristique tincidunt sem lobortis. Donec non ante vel justo consectetur fringilla. Etiam interdum congue quam, ut lacinia sapien egestas in. Maecenas a turpis nisi. Fusce et libero et dui ornare pulvinar. Nullam pellentesque, nisi hendrerit volutpat porttitor, nulla est dictum justo, ac ullamcorper velit erat ut dolor. Vestibulum ante ipsum primis in faucibus orci luctus et ultrices posuere cubilia Curae; Quisque volutpat sodales feugiat. Cum sociis natoque penatibus et magnis dis parturient montes, nascetur ridiculus mus.</p>\r\n", "keywords": ""}}, {"pk": 4, "model": "page.page", "fields": {"menu_title": "\u041a\u0430\u043a \u043a\u0443\u043f\u0438\u0442\u044c?", "meta_description": "", "title": "\u041a\u0430\u043a \u043f\u0440\u043e\u0438\u0437\u0432\u0435\u0441\u0442\u0438 \u043f\u043e\u043a\u0443\u043f\u043a\u0443", "url": "how-to-buy", "content": "<p>\r\n\tLorem ipsum dolor sit amet, consectetur adipiscing elit. Nulla vulputate magna vitae purus elementum iaculis commodo purus viverra. Aliquam erat volutpat. Quisque vel gravida nunc. Nullam tincidunt dui justo. Phasellus scelerisque augue sed felis pellentesque sodales. Quisque id purus libero, vel lobortis felis. Praesent eget sem quam, in tincidunt urna. Aenean quis urna quam. Cum sociis natoque penatibus et magnis dis parturient montes, nascetur ridiculus mus. Donec ac tincidunt nisl. Donec nec quam erat, non tempus nisi. Morbi non enim vel ante euismod vehicula sed sed felis. Suspendisse potenti. Aliquam eget nisl sit amet nunc dapibus auctor. Ut id elit velit, at auctor est.</p>\r\n", "keywords": ""}}, {"pk": 5, "model": "page.page", "fields": {"menu_title": "\u0420\u0435\u043a\u0432\u0438\u0437\u0438\u0442\u044b", "meta_description": "", "title": "\u0420\u0435\u043a\u0432\u0438\u0437\u0438\u0442\u044b \u043a\u043e\u043c\u043f\u0430\u043d\u0438\u0438", "url": "company-details", "content": "<p>\r\n\tLorem ipsum dolor sit amet, consectetur adipiscing elit. Nulla vulputate magna vitae purus elementum iaculis commodo purus viverra. Aliquam erat volutpat. Quisque vel gravida nunc. Nullam tincidunt dui justo. Phasellus scelerisque augue sed felis pellentesque sodales. Quisque id purus libero, vel lobortis felis. Praesent eget sem quam, in tincidunt urna. Aenean quis urna quam. Cum sociis natoque penatibus et magnis dis parturient montes, nascetur ridiculus mus. Donec ac tincidunt nisl. Donec nec quam erat, non tempus nisi. Morbi non enim vel ante euismod vehicula sed sed felis. Suspendisse potenti. Aliquam eget nisl sit amet nunc dapibus auctor. Ut id elit velit, at auctor est.</p>\r\n", "keywords": ""}}, {"pk": 6, "model": "page.page", "fields": {"menu_title": "", "meta_description": "", "title": "\u0417\u0430\u043a\u0430\u0437", "url": "order", "content": "<p>\r\n\t\u0417\u0430\u043f\u043e\u043b\u043d\u0438\u0442\u0435 \u0444\u043e\u0440\u043c\u0443 \u0441 \u0444\u0430\u0448\u0438\u043c\u0438 \u0434\u0430\u043d\u043d\u044b\u043c\u0438 \u0438 \u0441\u043f\u0435\u0446\u0438\u0430\u043b\u0438\u0441\u0442 \u043a\u043e\u043c\u043f\u0430\u043d\u0438\u0438 \u0441\u0432\u044f\u0436\u0435\u0442\u0441\u044f \u0441 \u0432\u0430\u043c\u0438 \u0432 \u0431\u043b\u0438\u0436\u0430\u0439\u0448\u0435\u0435 \u0432\u0440\u0435\u043c\u044f.</p>\r\n", "keywords": ""}}, {"pk": 7, "model": "page.page", "fields": {"menu_title": "", "meta_description": "", "title": "\u041a\u0430\u0440\u0442\u0430 \u0441\u0430\u0439\u0442\u0430", "url": "sitemap", "content": "<p>\r\n\t\u041f\u0443\u0442\u0435\u0432\u043e\u0434\u0438\u0442\u0435\u043b\u044c \u043f\u043e \u0441\u0430\u0439\u0442\u0443</p>\r\n", "keywords": ""}}, {"pk": 8, "model": "page.page", "fields": {"menu_title": "", "meta_description": "", "title": "\u041f\u043e\u0438\u0441\u043a \u043f\u043e \u0441\u0430\u0439\u0442\u0443", "url": "search", "content": "<p>\r\n\t\u0412\u0432\u0435\u0434\u0438\u0442\u0435 \u0442\u043e, \u0447\u0442\u043e \u0445\u043e\u0442\u0438\u0442\u0435 \u043d\u0430\u0439\u0442\u0438 \u0438 \u0432\u0441\u0435 \u0442\u0430\u043a\u043e\u0435</p>\r\n", "keywords": ""}}, {"pk": 9, "model": "page.page", "fields": {"menu_title": "", "meta_description": "", "title": "\u0410\u0432\u0442\u043e \u0442\u044e\u043d\u0438\u043d\u0433", "url": "autotuning", "content": "<p>\r\n\tLorem ipsum</p>\r\n", "keywords": ""}}, {"pk": 10, "model": "page.page", "fields": {"menu_title": "", "meta_description": "", "title": "\u0414\u043e\u0441\u0442\u0430\u0432\u043a\u0430", "url": "shipping", "content": "<p>\r\n\tLorem ipsum</p>\r\n", "keywords": ""}}, {"pk": 1, "model": "page.news", "fields": {"title": "\u041d\u043e\u0432\u043e\u0441\u0442\u044c1", "url": "news-1", "content": "<p>\r\n\tLorem ipsum dolor sit amet, consectetur adipiscing elit. Nam interdum arcu quis orci tempor tempus. Sed vehicula elit sit amet mauris gravida tristique tincidunt sem lobortis. Donec non ante vel justo consectetur fringilla. Etiam interdum congue quam, ut lacinia sapien egestas in. Maecenas a turpis nisi. Fusce et libero et dui ornare pulvinar. Nullam pellentesque, nisi hendrerit volutpat porttitor, nulla est dictum justo, ac ullamcorper velit erat ut dolor. Vestibulum ante ipsum primis in faucibus orci luctus et ultrices posuere cubilia Curae; Quisque volutpat sodales feugiat. Cum sociis natoque penatibus et magnis dis parturient montes, nascetur ridiculus mus.</p>\r\n<p>\r\n\tCurabitur sollicitudin fermentum placerat. Praesent mollis quam at mi feugiat posuere. Maecenas lacus libero, malesuada eu tempus sit amet, fringilla nec lectus. Nunc quam lorem, aliquet sit amet tempor sit amet, tempor vel velit. Praesent sodales accumsan purus, quis pharetra enim mollis nec. Nullam ut tellus urna, ac aliquam dui. Mauris sed justo turpis, id viverra augue. Suspendisse potenti. Praesent malesuada volutpat mi, nec interdum dui condimentum accumsan. Fusce sollicitudin, lectus in porta ultrices, velit arcu ullamcorper sem, eleifend placerat elit metus ut ipsum. Duis tempus, dui ut mollis pretium, lacus risus fermentum sem, ut luctus lectus nisl eu elit. Curabitur congue elementum neque. Fusce fermentum feugiat urna. Morbi eget metus dolor. Cras id venenatis tortor.</p>\r\n", "keywords": "\u043d\u043e\u0432\u043e\u0441\u0442\u044c, \u0438 \u0432\u0441\u0435 \u0442\u0430\u043a\u043e\u0435", "date": "2012-02-06", "smallcontent": "<p>\r\n\tQuisque congue nisl vitae lacus consequat venenatis. Morbi eu neque mi.</p>\r\n"}}, {"pk": 2, "model": "page.news", "fields": {"title": "\u041d\u043e\u0432\u043e\u0441\u0442\u044c2", "url": null, "content": "<p>\r\n\tLorem ipsum dolor sit amet, consectetur adipiscing elit. Nam interdum arcu quis orci tempor tempus. Sed vehicula elit sit amet mauris gravida tristique tincidunt sem lobortis. Donec non ante vel justo consectetur fringilla. Etiam interdum congue quam, ut lacinia sapien egestas in. Maecenas a turpis nisi. Fusce et libero et dui ornare pulvinar. Nullam pellentesque, nisi hendrerit volutpat porttitor, nulla est dictum justo, ac ullamcorper velit erat ut dolor. Vestibulum ante ipsum primis in faucibus orci luctus et ultrices posuere cubilia Curae; Quisque volutpat sodales feugiat. Cum sociis natoque penatibus et magnis dis parturient montes, nascetur ridiculus mus.</p>\r\n<p>\r\n\tCurabitur sollicitudin fermentum placerat. Praesent mollis quam at mi feugiat posuere. Maecenas lacus libero, malesuada eu tempus sit amet, fringilla nec lectus. Nunc quam lorem, aliquet sit amet tempor sit amet, tempor vel velit. Praesent sodales accumsan purus, quis pharetra enim mollis nec. Nullam ut tellus urna, ac aliquam dui. Mauris sed justo turpis, id viverra augue. Suspendisse potenti. Praesent malesuada volutpat mi, nec interdum dui condimentum accumsan. Fusce sollicitudin, lectus in porta ultrices, velit arcu ullamcorper sem, eleifend placerat elit metus ut ipsum. Duis tempus, dui ut mollis pretium, lacus risus fermentum sem, ut luctus lectus nisl eu elit. Curabitur congue elementum neque. Fusce fermentum feugiat urna. Morbi eget metus dolor. Cras id venenatis tortor.</p>\r\n<p>\r\n\tQuisque congue nisl vitae lacus consequat venenatis. Morbi eu neque mi. Phasellus euismod dolor ut nulla porta volutpat quis dignissim lectus. Sed ullamcorper fringilla magna scelerisque consequat. Fusce vitae tortor nulla. In hac habitasse platea dictumst. Vestibulum tempus, massa pretium facilisis lobortis, enim quam dignissim nisl, sed aliquet diam ipsum ut purus. Sed varius, mi vel fermentum vehicula, lacus turpis pulvinar dui, id vulputate augue libero at arcu. In hac habitasse platea dictumst. Sed dui libero, imperdiet eget varius sit amet, blandit non turpis. Aenean libero elit, molestie sit amet accumsan tincidunt, pulvinar non sem. Aliquam posuere dictum sollicitudin. Nunc sed nisi odio. Cras tempor placerat ligula, quis fermentum ante lobortis eget. Aliquam euismod mattis imperdiet. Donec non nibh dui, ut pretium turpis.</p>\r\n", "keywords": "\u043d\u043e\u0432\u043e\u0441\u0442\u044c2, \u043d\u043e\u0432\u043e\u0441\u0442\u044c", "date": "2012-02-05", "smallcontent": "<p>\r\n\tCras commodo commodo sem id dapibus. Praesent hendrerit auctor neque, eu ultricies arcu suscipit eget.</p>\r\n"}}, {"pk": 3, "model": "page.news", "fields": {"title": "\u041d\u043e\u0432\u043e\u0441\u0442\u044c3", "url": null, "content": "<p>\r\n\tQuisque congue nisl vitae lacus consequat venenatis. Morbi eu neque mi. Phasellus euismod dolor ut nulla porta volutpat quis dignissim lectus. Sed ullamcorper fringilla magna scelerisque consequat. Fusce vitae tortor nulla. In hac habitasse platea dictumst. Vestibulum tempus, massa pretium facilisis lobortis, enim quam dignissim nisl, sed aliquet diam ipsum ut purus. Sed varius, mi vel fermentum vehicula, lacus turpis pulvinar dui, id vulputate augue libero at arcu. In hac habitasse platea dictumst. Sed dui libero, imperdiet eget varius sit amet, blandit non turpis. Aenean libero elit, molestie sit amet accumsan tincidunt, pulvinar non sem. Aliquam posuere dictum sollicitudin. Nunc sed nisi odio. Cras tempor placerat ligula, quis fermentum ante lobortis eget. Aliquam euismod mattis imperdiet. Donec non nibh dui, ut pretium turpis.</p>\r\n<p>\r\n\tCras commodo commodo sem id dapibus. Praesent hendrerit auctor neque, eu ultricies arcu suscipit eget. Donec scelerisque tempor elementum. Aliquam erat volutpat. Nunc odio quam, suscipit sed accumsan et, lacinia nec libero. Cras consequat urna at ante ultricies commodo. In varius, mauris nec ultrices dictum, tellus nisi fringilla dui, vel pulvinar sapien massa a diam. Quisque ut dignissim dui.</p>\r\n<p>\r\n\tSuspendisse pellentesque, lectus imperdiet lobortis luctus, sem enim laoreet neque, non tempus metus libero nec turpis. Phasellus faucibus arcu non est imperdiet pellentesque. Mauris consequat vestibulum facilisis. Donec vel nulla est. Phasellus facilisis placerat iaculis. Donec commodo vestibulum rutrum. Phasellus sed dui vitae nisi adipiscing tempus. Fusce eu sapien nunc. Phasellus sit amet augue eros. Nullam tincidunt consequat velit, eu tristique risus hendrerit eu. Praesent lacus nisi, feugiat pretium porttitor nec, fringilla et dui.</p>\r\n", "keywords": "\u043d\u043e\u0432\u043e\u0441\u0442\u044c 3", "date": "2012-02-06", "smallcontent": "<p>\r\n\tSuspendisse potenti. Praesent malesuada volutpat mi, nec interdum dui condimentum accumsan.</p>\r\n"}}, {"pk": 4, "model": "page.news", "fields": {"title": "Lorem ipsum dolor sit amet, consectetur adipiscing elit", "url": null, "content": "<p>\r\n\tQuisque congue nisl vitae lacus consequat venenatis. Morbi eu neque mi. Phasellus euismod dolor ut nulla porta volutpat quis dignissim lectus. Sed ullamcorper fringilla magna scelerisque consequat. Fusce vitae tortor nulla. In hac habitasse platea dictumst. Vestibulum tempus, massa pretium facilisis lobortis, enim quam dignissim nisl, sed aliquet diam ipsum ut purus. Sed varius, mi vel fermentum vehicula, lacus turpis pulvinar dui, id vulputate augue libero at arcu. In hac habitasse platea dictumst. Sed dui libero, imperdiet eget varius sit amet, blandit non turpis. Aenean libero elit, molestie sit amet accumsan tincidunt, pulvinar non sem. Aliquam posuere dictum sollicitudin. Nunc sed nisi odio. Cras tempor placerat ligula, quis fermentum ante lobortis eget. Aliquam euismod mattis imperdiet. Donec non nibh dui, ut pretium turpis.</p>\r\n<p>\r\n\tCras commodo commodo sem id dapibus. Praesent hendrerit auctor neque, eu ultricies arcu suscipit eget. Donec scelerisque tempor elementum. Aliquam erat volutpat. Nunc odio quam, suscipit sed accumsan et, lacinia nec libero. Cras consequat urna at ante ultricies commodo. In varius, mauris nec ultrices dictum, tellus nisi fringilla dui, vel pulvinar sapien massa a diam. Quisque ut dignissim dui.</p>\r\n<p>\r\n\tSuspendisse pellentesque, lectus imperdiet lobortis luctus, sem enim laoreet neque, non tempus metus libero nec turpis. Phasellus faucibus arcu non est imperdiet pellentesque. Mauris consequat vestibulum facilisis. Donec vel nulla est. Phasellus facilisis placerat iaculis. Donec commodo vestibulum rutrum. Phasellus sed dui vitae nisi adipiscing tempus. Fusce eu sapien nunc. Phasellus sit amet augue eros. Nullam tincidunt consequat velit, eu tristique risus hendrerit eu. Praesent lacus nisi, feugiat pretium porttitor nec, fringilla et dui.</p>\r\n", "keywords": "lorem, ipsum", "date": "2012-02-03", "smallcontent": "<p>\r\n\tNunc quam lorem, aliquet sit amet tempor sit amet, tempor vel velit. Praesent sodales accumsan purus, quis pharetra enim mollis nec.</p>\r\n"}}, {"pk": 5, "model": "page.news", "fields": {"title": "Morbi eget metus dolor. Cras id venenatis tortor. ", "url": null, "content": "<p>\r\n\tCurabitur sollicitudin fermentum placerat. Praesent mollis quam at mi feugiat posuere. Maecenas lacus libero, malesuada eu tempus sit amet, fringilla nec lectus. Nunc quam lorem, aliquet sit amet tempor sit amet, tempor vel velit. Praesent sodales accumsan purus, quis pharetra enim mollis nec. Nullam ut tellus urna, ac aliquam dui. Mauris sed justo turpis, id viverra augue. Suspendisse potenti. Praesent malesuada volutpat mi, nec interdum dui condimentum accumsan. Fusce sollicitudin, lectus in porta ultrices, velit arcu ullamcorper sem, eleifend placerat elit metus ut ipsum. Duis tempus, dui ut mollis pretium, lacus risus fermentum sem, ut luctus lectus nisl eu elit. Curabitur congue elementum neque. Fusce fermentum feugiat urna. Morbi eget metus dolor. Cras id venenatis tortor.</p>\r\n<p>\r\n\tQuisque congue nisl vitae lacus consequat venenatis. Morbi eu neque mi. Phasellus euismod dolor ut nulla porta volutpat quis dignissim lectus. Sed ullamcorper fringilla magna scelerisque consequat. Fusce vitae tortor nulla. In hac habitasse platea dictumst. Vestibulum tempus, massa pretium facilisis lobortis, enim quam dignissim nisl, sed aliquet diam ipsum ut purus. Sed varius, mi vel fermentum vehicula, lacus turpis pulvinar dui, id vulputate augue libero at arcu. In hac habitasse platea dictumst. Sed dui libero, imperdiet eget varius sit amet, blandit non turpis. Aenean libero elit, molestie sit amet accumsan tincidunt, pulvinar non sem. Aliquam posuere dictum sollicitudin. Nunc sed nisi odio. Cras tempor placerat ligula, quis fermentum ante lobortis eget. Aliquam euismod mattis imperdiet. Donec non nibh dui, ut pretium turpis.</p>\r\n<p>\r\n\tCras commodo commodo sem id dapibus. Praesent hendrerit auctor neque, eu ultricies arcu suscipit eget. Donec scelerisque tempor elementum. Aliquam erat volutpat. Nunc odio quam, suscipit sed accumsan et, lacinia nec libero. Cras consequat urna at ante ultricies commodo. In varius, mauris nec ultrices dictum, tellus nisi fringilla dui, vel pulvinar sapien massa a diam. Quisque ut dignissim dui.</p>\r\n", "keywords": "Curabitur, sollicitudin, fermentum, placerat", "date": "2012-02-04", "smallcontent": "<p>\r\n\tCurabitur congue elementum neque. Fusce fermentum feugiat urna. Morbi eget metus dolor. Cras id venenatis tortor.</p>\r\n"}}, {"pk": 1, "model": "page.message", "fields": {"content": ";bl bljhblhb", "date": "2012-02-18 14:23:32", "sender": "\u0410\u043b\u0435\u043a\u0441\u0435\u0439 \u0422\u0435\u0440\u0435\u043d\u0442\u044c\u0435\u0432", "email": "aterentev@baltostorage.com"}}, {"pk": 2, "model": "page.message", "fields": {"content": ";bl bljhblhb", "date": "2012-02-18 14:23:53", "sender": "\u0410\u043b\u0435\u043a\u0441\u0435\u0439 \u0422\u0435\u0440\u0435\u043d\u0442\u044c\u0435\u0432", "email": "aterentev@baltostorage.com"}}, {"pk": 3, "model": "page.message", "fields": {"content": ";bl bljhblhb", "date": "2012-02-18 14:24:59", "sender": "\u0410\u043b\u0435\u043a\u0441\u0435\u0439 \u0422\u0435\u0440\u0435\u043d\u0442\u044c\u0435\u0432", "email": "aterentev@baltostorage.com"}}, {"pk": 4, "model": "page.message", "fields": {"content": ";bl bljhblhb", "date": "2012-02-18 14:26:04", "sender": "\u0410\u043b\u0435\u043a\u0441\u0435\u0439 \u0422\u0435\u0440\u0435\u043d\u0442\u044c\u0435\u0432", "email": "aterentev@baltostorage.com"}}, {"pk": 5, "model": "page.message", "fields": {"content": ";bl bljhblhb", "date": "2012-02-18 14:26:55", "sender": "\u0410\u043b\u0435\u043a\u0441\u0435\u0439 \u0422\u0435\u0440\u0435\u043d\u0442\u044c\u0435\u0432", "email": "aterentev@baltostorage.com"}}, {"pk": 6, "model": "page.message", "fields": {"content": ";bl bljhblhb", "date": "2012-02-18 14:27:41", "sender": "\u0410\u043b\u0435\u043a\u0441\u0435\u0439 \u0422\u0435\u0440\u0435\u043d\u0442\u044c\u0435\u0432", "email": "aterentev@baltostorage.com"}}, {"pk": 7, "model": "page.message", "fields": {"content": "ljhl jhjvj", "date": "2012-02-18 14:29:34", "sender": "\u0410\u043b\u0435\u043a\u0441\u0435\u0439 \u0422\u0435\u0440\u0435\u043d\u0442\u044c\u0435\u0432", "email": "aterentev@baltostorage.com"}}, {"pk": 8, "model": "page.message", "fields": {"content": "jkj kjb j ", "date": "2012-02-18 22:00:26", "sender": "\u0410\u043b\u0435\u043a\u0441\u0435\u0439 \u0422\u0435\u0440\u0435\u043d\u0442\u044c\u0435\u0432", "email": "a@a.aa"}}, {"pk": 9, "model": "page.message", "fields": {"content": "klhblb  jb jkb", "date": "2012-02-18 22:06:11", "sender": "\u0410\u043b\u0435\u043a\u0441\u0435\u0439 \u0422\u0435\u0440\u0435\u043d\u0442\u044c\u0435\u0432", "email": "aterentev@baltostorage.com"}}, {"pk": 10, "model": "page.message", "fields": {"content": "\u043b\u0434\u0438\u0434\u0438 \u043b\u043e\u0442\u0434\u043b \u043b\u043e\u0442 \u043b\u0434\u043e\u0442", "date": "2012-02-18 22:09:54", "sender": "\u0410\u043b\u0435\u043a\u0441\u0435\u0439 \u0422\u0435\u0440\u0435\u043d\u0442\u044c\u0435\u0432", "email": "aterentev@baltostorage.com"}}, {"pk": 11, "model": "page.message", "fields": {"content": "ojh jvgv ghv", "date": "2012-02-18 22:11:52", "sender": "\u0410\u043b\u0435\u043a\u0441\u0435\u0439 \u0422\u0435\u0440\u0435\u043d\u0442\u044c\u0435\u0432", "email": "alexey.terentiev@gmail.com"}}, {"pk": 1, "model": "page.link", "fields": {"page": 1}}, {"pk": 2, "model": "page.link", "fields": {"page": 2}}, {"pk": 3, "model": "page.link", "fields": {"page": 3}}, {"pk": 4, "model": "page.link", "fields": {"page": 5}}, {"pk": 6, "model": "page.link", "fields": {"page": 4}}, {"pk": 7, "model": "page.link", "fields": {"page": 2}}, {"pk": 8, "model": "page.link", "fields": {"page": 4}}, {"pk": 9, "model": "page.link", "fields": {"page": 5}}, {"pk": 10, "model": "page.link", "fields": {"page": 3}}, {"pk": 11, "model": "page.link", "fields": {"page": 1}}, {"pk": 11, "model": "page.footmenulink", "fields": {"position": 0}}, {"pk": 10, "model": "page.footmenulink", "fields": {"position": 1}}, {"pk": 7, "model": "page.footmenulink", "fields": {"position": 2}}, {"pk": 9, "model": "page.footmenulink", "fields": {"position": 3}}, {"pk": 8, "model": "page.footmenulink", "fields": {"position": 4}}, {"pk": 1, "model": "page.leftmenulink", "fields": {"position": 0}}, {"pk": 3, "model": "page.leftmenulink", "fields": {"position": 1}}, {"pk": 2, "model": "page.leftmenulink", "fields": {"position": 2}}, {"pk": 4, "model": "page.leftmenulink", "fields": {"position": 3}}, {"pk": 6, "model": "page.leftmenulink", "fields": {"position": 5}}]