[{"pk": 1, "model": "shop.unit", "fields": {"title": "\u0442\u043e\u043d\u043d\u0430"}}, {"pk": 2, "model": "shop.unit", "fields": {"title": "\u0448\u0442"}}, {"pk": 1, "model": "shop.productgroup", "fields": {"description": "\u041d\u0430\u043a\u043b\u0435\u0439\u043a\u0438 \u043d\u0430 \u0430\u0432\u0442\u043e\u043c\u043e\u0431\u0438\u043b\u0438 &ndash; \u043f\u0440\u0435\u043a\u0440\u0430\u0441\u043d\u044b\u0439 \u0441\u043f\u043e\u0441\u043e\u0431 \u0432\u044b\u0434\u0435\u043b\u0438\u0442\u044c \u0441\u0432\u043e\u0439 \u0442\u0440\u0430\u043d\u0441\u043f\u043e\u0440\u0442 \u0438\u0437 \u043e\u0431\u0449\u0435\u0433\u043e \u0441\u0435\u0440\u043e\u0433\u043e \u043f\u043e\u0442\u043e\u043a\u0430 \u043a\u0430\u043a \u0441 \u044d\u0441\u0442\u0435\u0442\u0438\u0447\u0435\u0441\u043a\u043e\u0439 \u0442\u043e\u0447\u043a\u0438 \u0437\u0440\u0435\u043d\u0438\u044f, \u0442\u0430\u043a \u0438 \u0441 \u0440\u0435\u043a\u043b\u0430\u043c\u043d\u043e\u0439.\r\n", "title": "\u041d\u0430\u043a\u043b\u0435\u0439\u043a\u0438", "image": "uploads/groups/ico1.jpg", "productgroup": null, "products_count": 6, "keywords": "", "position": 0}}, {"pk": 7, "model": "shop.productgroup", "fields": {"description": "<p>\r\n\tCurabitur sollicitudin fermentum placerat. Praesent mollis quam at mi feugiat posuere. Maecenas lacus libero, malesuada eu tempus sit amet, fringilla nec lectus. Nunc quam lorem, aliquet sit amet tempor sit amet, tempor vel velit. Praesent sodales accumsan purus, quis pharetra enim mollis nec.</p>\r\n", "title": "\u0413\u043b\u0430\u0434\u043a\u043e\u0433\u043e \u043f\u0440\u043e\u0444\u0438\u043b\u044f", "image": "uploads/groups/cat_armature_2.png", "productgroup": 2, "products_count": 0, "keywords": null, "position": 0}}, {"pk": 8, "model": "shop.productgroup", "fields": {"description": "<p>\r\n\t\u0411\u043b\u0430 \u0431\u043b\u0430 \u0431\u043b\u0430</p>\r\n", "title": "\u0415\u0449\u0435 \u043e\u0434\u0438\u043d \u0432\u0438\u0434 \u043a\u0438\u0440\u043f\u0438\u0447\u0430", "image": "uploads/groups/bricks_image1_1.jpg", "productgroup": 6, "products_count": 0, "keywords": null, "position": 0}}, {"pk": 3, "model": "shop.productgroup", "fields": {"description": "<p>\r\n\t\u0410\u0440\u043e\u043c\u0430\u0442\u0438\u0437\u0430\u0442\u043e\u0440\u044b</p>\r\n", "title": "\u0410\u0440\u043e\u043c\u0430\u0442\u0438\u0437\u0430\u0442\u043e\u0440\u044b", "image": "uploads/groups/ico2.jpg", "productgroup": null, "products_count": 0, "keywords": "", "position": 1}}, {"pk": 2, "model": "shop.productgroup", "fields": {"description": "<p>\r\n\t\u041e\u043f\u0438\u0441\u0430\u043d\u0438\u0435 \u0441\u0432\u0435\u0442\u043e\u0434\u0438\u043e\u0434\u043e\u0432</p>\r\n", "title": "\u0421\u0432\u0435\u0442\u043e\u0434\u0438\u043e\u0434\u044b", "image": "uploads/groups/ico3.jpg", "productgroup": null, "products_count": 0, "keywords": "", "position": 2}}, {"pk": 4, "model": "shop.productgroup", "fields": {"description": "<p>\r\n\t\u041e\u043f\u0438\u0441\u0430\u043d\u0438\u0435 \u0430\u0432\u0442\u043e\u043b\u0430\u043c\u043f</p>\r\n", "title": "\u0410\u0432\u0442\u043e\u043b\u0430\u043c\u043f\u044b", "image": "uploads/groups/ico4.jpg", "productgroup": null, "products_count": 0, "keywords": "", "position": 3}}, {"pk": 5, "model": "shop.productgroup", "fields": {"description": "<p>\r\n\t\u041e\u043f\u0438\u0441\u0430\u043d\u0438\u0435 \u0445\u043e\u043c\u0443\u0442\u043e\u0432</p>\r\n", "title": "\u0425\u043e\u043c\u0443\u0442\u044b", "image": "uploads/groups/ico5.jpg", "productgroup": null, "products_count": 0, "keywords": "", "position": 4}}, {"pk": 6, "model": "shop.productgroup", "fields": {"description": "<p>\r\n\t\u043e\u043f\u0438\u0441\u0430\u043d\u0438\u0435 \u043a\u0430\u0440\u0431\u043e\u043d\u043e\u0432\u043e\u0439 \u043f\u043b\u0435\u043d\u043a\u0438</p>\r\n", "title": "\u041a\u0430\u0440\u0431\u043e\u043d\u043e\u0432\u0430\u044f \u043f\u043b\u0435\u043d\u043a\u0430", "image": "uploads/groups/ico6.jpg", "productgroup": null, "products_count": 0, "keywords": "", "position": 5}}, {"pk": 1, "model": "shop.product", "fields": {"load": 1, "meta_description": "", "description": "<p>\r\n\t\u043f\u043e\u0434\u0440\u043e\u0431\u043d\u043e\u0435 \u043e\u043f\u0438\u0441\u0430\u043d\u0438\u0435 \u043d\u0430\u043a\u043b\u0435\u0439\u043a\u0438</p>\r\n", "title": "\u041d\u0430\u043a\u043b\u0435\u0439\u043a\u0430", "price": 100.0, "productgroup": 1, "keywords": "", "position": 0, "property": "<p>\r\n\t\u043e\u043f\u0438\u0441\u0430\u043d\u0438\u0435 \u043d\u0430\u043a\u043b\u0435\u0439\u043a\u0438</p>\r\n", "unit": 2}}, {"pk": 2, "model": "shop.product", "fields": {"load": 1, "meta_description": "\u041a\u0438\u0440\u043f\u0438\u0447 \u043b\u0438\u0446\u0435\u0432\u043e\u0439 \"\u0441\u043e\u043b\u043e\u043c\u0430\" ", "description": "<p>\r\n\t\u0416\u0435\u043b\u0442\u044b\u0439 \u043a\u0438\u0440\u043f\u0438\u0447. \u0411\u043b\u0430-\u0431\u043b\u0430-\u0431\u043b\u0430.</p>\r\n", "title": "\u041a\u0438\u0440\u043f\u0438\u0447 \u043b\u0438\u0446\u0435\u0432\u043e\u0439 \"\u0441\u043e\u043b\u043e\u043c\u0430\" ", "price": 10.5, "productgroup": 6, "keywords": "\u043a\u0438\u0440\u043f\u0438\u0447, \u043e\u0431\u043b\u0438\u0446\u043e\u0432\u043e\u0447\u043d\u044b\u0439, \u043b\u0438\u0446\u0435\u0432\u043e\u0439 \u043a\u0438\u0440\u043f\u0438\u0447, \u043c-150, \u0441\u043e\u043b\u043e\u043c\u043a\u0430", "position": 0, "property": "<p>\r\n\t\u041c-150</p>\r\n", "unit": 2}}, {"pk": 4, "model": "shop.product", "fields": {"load": 1, "meta_description": "Lorem ipsum dolor sit amet, consectetur adipiscing elit. Fusce dignissim, dolor ut facilisis sodales", "description": "<p>\r\n\tLorem ipsum dolor sit amet, consectetur adipiscing elit. Fusce dignissim, dolor ut facilisis sodales, felis nunc fermentum sem, nec ornare turpis ante eu risus. Nullam commodo iaculis enim, in convallis diam blandit quis. Curabitur ut erat quam. Duis quis orci sit amet elit facilisis ornare sit amet sed felis. Pellentesque id nunc vel est lobortis eleifend ut elementum lectus. Etiam vel arcu a nibh ornare bibendum. Maecenas posuere dapibus urna in luctus. Morbi et ipsum justo, sed facilisis eros. Aenean fermentum aliquam lorem id laoreet.</p>\r\n", "title": "\u041a\u0438\u0440\u043f\u0438\u0447", "price": 9.5, "productgroup": 5, "keywords": "\u043a\u0438\u0440\u043f\u0438\u0447 \u0441\u0442\u0440\u043e\u0438\u0442\u0435\u043b\u044c\u043d\u044b\u0439, \u041a\u0438\u0440\u043f\u0438\u0447 \u0441\u0442\u0440\u043e\u0438\u0442\u0435\u043b\u044c\u043d\u044b\u0439, \u0421\u0442\u0440\u043e\u0438\u0442\u0435\u043b\u044c\u043d\u044b\u0439 \u043a\u0438\u0440\u043f\u0438\u0447, \u0441\u0442\u0440\u043e\u0438\u0442\u0435\u043b\u044c\u043d\u044b\u0439 \u043a\u0438\u0440\u043f\u0438\u0447", "position": 0, "property": "<p>\r\n\t\u041a\u0438\u0440\u043f\u0438\u0447 \u043e\u0434\u0438\u043d\u0430\u0440\u043d\u044b\u0439</p>\r\n<p>\r\n\t\u043b\u0438\u0446\u0435\u0432\u043e\u0439 \u041c150 F50</p>\r\n", "unit": 2}}, {"pk": 3, "model": "shop.product", "fields": {"load": 1, "meta_description": "", "description": "<p>\r\n\t\u0412\u0435\u0441\u044c \u0442\u0430\u043a\u043e\u0439 \u043a\u0440\u0430\u0441\u0438\u0432\u044b\u0439 \u043b\u0438\u0446\u0435\u0432\u043e\u0439 \u043a\u0438\u0440\u043f\u0438\u0447.</p>\r\n", "title": "\u041a\u0438\u0440\u043f\u0438\u0447 \u043b\u0438\u0446\u0435\u0432\u043e\u0439 \"\u043f\u0435\u0440\u0441\u0438\u043a\"", "price": 10.5, "productgroup": 6, "keywords": "", "position": 2, "property": "<p>\r\n\t\u041a\u0438\u0440\u043f\u0438\u0447 \u043e\u0434\u0438\u043d\u0430\u0440\u043d\u044b\u0439</p>\r\n<p>\r\n\t\u043b\u0438\u0446\u0435\u0432\u043e\u0439 \u041c150 F50</p>\r\n<p>\r\n\t\u0426\u0432\u0435\u0442: \u043f\u0435\u0440\u0441\u0438\u043a</p>\r\n<p>\r\n\t\u041f\u0443\u0441\u0442\u043e\u0442\u043d\u043e\u0441\u0442\u044c: 35 %</p>\r\n<p>\r\n\t\u0420\u0430\u0437\u043c\u0435\u0440, \u043c\u043c: 250 x 120 x 65</p>\r\n<p>\r\n\t\u0412\u0435\u0441: 2,5 \u043a\u0433</p>\r\n<p>\r\n\t\u041a\u043e\u043b-\u0432\u043e \u043d\u0430 \u043f\u043e\u0434\u0434\u043e\u043d\u0435: 480 \u0448\u0442.</p>\r\n", "unit": 2}}, {"pk": 5, "model": "shop.productimage", "fields": {"image": "uploads/products/bricks_image2.jpg", "service": 2, "title": "\u041a\u0438\u0440\u043f\u0438\u0447 \u043b\u0438\u0446\u0435\u0432\u043e\u0439 \"\u0441\u043e\u043b\u043e\u043c\u0430\" "}}, {"pk": 6, "model": "shop.productimage", "fields": {"image": "uploads/products/bricks_image2_1.jpg", "service": 3, "title": "\u041f\u0435\u0440\u0441\u0438\u043a"}}, {"pk": 7, "model": "shop.productimage", "fields": {"image": "uploads/products/black_simpsons_2.jpg", "service": 3, "title": "\u041a\u0438\u0440\u043f\u0438\u0447 \u043f\u0435\u0440\u0441\u0438\u043a"}}, {"pk": 8, "model": "shop.productimage", "fields": {"image": "uploads/products/bricks_image1_2.jpg", "service": 4, "title": "\u0422\u0430\u043a \u043e\u043d \u0432\u044b\u0433\u043b\u044f\u0434\u0438\u0442"}}, {"pk": 9, "model": "shop.productimage", "fields": {"image": "uploads/products/kianu.jpg", "service": 1, "title": "\u041d\u0430\u043a\u043b\u0435\u0439\u043a\u0430, \u0444\u043e\u0442\u043e1"}}, {"pk": 1, "model": "shop.order", "fields": {"description": "\u0425\u0430\u0447\u0443 \u043c\u043d\u043e\u0433\u043e", "company": "\u0425\u0443\u0435\u0440\u044b\u0433\u0438 \u0418\u041d\u041a", "phone": "8 (9672) 13 06 36", "date": "2012-02-13 23:08:48", "email": "a@a.aa", "name": "\u041b\u0435\u0432\u043e\u043d"}}, {"pk": 2, "model": "shop.order", "fields": {"description": "\u0425\u0430\u0447\u0443 \u043c\u043d\u043e\u0433\u043e", "company": "\u0425\u0443\u0435\u0440\u044b\u0433\u0438 \u0418\u041d\u041a", "phone": "8 (9672) 13 06 36", "date": "2012-02-13 23:09:17", "email": "a@a.aa", "name": "\u041b\u0435\u0432\u043e\u043d"}}, {"pk": 3, "model": "shop.order", "fields": {"description": "\u0411\u043b\u0430 \u0431\u043b\u0430 \u0431\u043b\u0430", "company": "\u0425\u0443\u0435\u0440\u044b\u0433\u0438 \u0418\u041d\u041a", "phone": "8 (9672) 13 06 36", "date": "2012-02-13 23:16:53", "email": "a@a.aa", "name": "\u041b\u0435\u0432\u043e\u043d"}}, {"pk": 4, "model": "shop.order", "fields": {"description": "ojhb pkhbojhb ohjbojhb ", "company": "\u0425\u0443\u0435\u0440\u044b\u0433\u0438 \u0418\u041d\u041a", "phone": "8 (9672) 13 06 36", "date": "2012-02-14 00:19:45", "email": "a@a.aa", "name": "\u041b\u0435\u0432\u043e\u043d"}}, {"pk": 5, "model": "shop.order", "fields": {"description": "ohjboj lhjbljbjhbojhb", "company": "\u0425\u0443\u0435\u0440\u044b\u0433\u0438 \u0418\u041d\u041a", "phone": "8 (9672) 13 06 36", "date": "2012-02-14 00:26:08", "email": "a@a.aa", "name": "\u041b\u0435\u0432\u043e\u043d"}}, {"pk": 6, "model": "shop.order", "fields": {"description": "", "company": "pystars.com", "phone": "12312", "date": "2012-02-14 11:53:51", "email": "va.bolshakov@gmail.com", "name": "Vasiliy Bolshakov"}}, {"pk": 7, "model": "shop.order", "fields": {"description": "\u041f\u0440\u0438\u0432\u0435\u0442 \u043c\u0438\u0440", "company": "\u0425\u0443\u0435\u0440\u044b\u0433\u0438 \u0418\u041d\u041a", "phone": "8 (9672) 13 06 36", "date": "2012-02-18 23:11:45", "email": "aterentev@baltostorage.com", "name": "\u041b\u0435\u0432\u043e\u043d"}}, {"pk": 1, "model": "shop.ordercount", "fields": {"count": 42000, "product": 1, "order": 1}}, {"pk": 2, "model": "shop.ordercount", "fields": {"count": 30000, "product": 3, "order": 1}}, {"pk": 3, "model": "shop.ordercount", "fields": {"count": 48000, "product": 2, "order": 1}}, {"pk": 4, "model": "shop.ordercount", "fields": {"count": 42000, "product": 1, "order": 2}}, {"pk": 5, "model": "shop.ordercount", "fields": {"count": 30000, "product": 3, "order": 2}}, {"pk": 6, "model": "shop.ordercount", "fields": {"count": 48000, "product": 2, "order": 2}}, {"pk": 7, "model": "shop.ordercount", "fields": {"count": 42000, "product": 1, "order": 3}}, {"pk": 8, "model": "shop.ordercount", "fields": {"count": 30000, "product": 3, "order": 3}}, {"pk": 9, "model": "shop.ordercount", "fields": {"count": 48000, "product": 2, "order": 3}}, {"pk": 10, "model": "shop.ordercount", "fields": {"count": 42000, "product": 1, "order": 4}}, {"pk": 11, "model": "shop.ordercount", "fields": {"count": 30000, "product": 3, "order": 4}}, {"pk": 12, "model": "shop.ordercount", "fields": {"count": 48000, "product": 2, "order": 4}}, {"pk": 13, "model": "shop.ordercount", "fields": {"count": 18000, "product": 1, "order": 5}}, {"pk": 14, "model": "shop.ordercount", "fields": {"count": 12000, "product": 3, "order": 5}}, {"pk": 15, "model": "shop.ordercount", "fields": {"count": 42000, "product": 2, "order": 5}}, {"pk": 16, "model": "shop.ordercount", "fields": {"count": 30000, "product": 3, "order": 6}}, {"pk": 17, "model": "shop.ordercount", "fields": {"count": 6000, "product": 2, "order": 6}}, {"pk": 18, "model": "shop.ordercount", "fields": {"count": 60000, "product": 2, "order": 7}}]